<?xml version="1.0" encoding="UTF-8"?>
<GenRun Id="impl_1" LaunchPart="xc7a100tcsg324-1" LaunchTime="1665805692">
  <File Type="BITSTR-BMM" Name="Comp4task_Top_bd.bmm"/>
  <File Type="OPT-METHODOLOGY-DRC" Name="Comp4task_Top_methodology_drc_opted.rpt"/>
  <File Type="INIT-TIMING" Name="Comp4task_Top_timing_summary_init.rpt"/>
  <File Type="ROUTE-PWR" Name="Comp4task_Top_power_routed.rpt"/>
  <File Type="PA-TCL" Name="Comp4task_Top.tcl"/>
  <File Type="OPT-TIMING" Name="Comp4task_Top_timing_summary_opted.rpt"/>
  <File Type="OPT-DCP" Name="Comp4task_Top_opt.dcp"/>
  <File Type="ROUTE-PWR-SUM" Name="Comp4task_Top_power_summary_routed.pb"/>
  <File Type="REPORTS-TCL" Name="Comp4task_Top_reports.tcl"/>
  <File Type="OPT-DRC" Name="Comp4task_Top_drc_opted.rpt"/>
  <File Type="OPT-HWDEF" Name="Comp4task_Top.hwdef"/>
  <File Type="PWROPT-DCP" Name="Comp4task_Top_pwropt.dcp"/>
  <File Type="PWROPT-DRC" Name="Comp4task_Top_drc_pwropted.rpt"/>
  <File Type="PWROPT-TIMING" Name="Comp4task_Top_timing_summary_pwropted.rpt"/>
  <File Type="PLACE-DCP" Name="Comp4task_Top_placed.dcp"/>
  <File Type="PLACE-IO" Name="Comp4task_Top_io_placed.rpt"/>
  <File Type="PLACE-CLK" Name="Comp4task_Top_clock_utilization_placed.rpt"/>
  <File Type="PLACE-UTIL" Name="Comp4task_Top_utilization_placed.rpt"/>
  <File Type="PLACE-UTIL-PB" Name="Comp4task_Top_utilization_placed.pb"/>
  <File Type="PLACE-CTRL" Name="Comp4task_Top_control_sets_placed.rpt"/>
  <File Type="PLACE-SIMILARITY" Name="Comp4task_Top_incremental_reuse_placed.rpt"/>
  <File Type="PLACE-PRE-SIMILARITY" Name="Comp4task_Top_incremental_reuse_pre_placed.rpt"/>
  <File Type="PLACE-TIMING" Name="Comp4task_Top_timing_summary_placed.rpt"/>
  <File Type="POSTPLACE-PWROPT-DCP" Name="Comp4task_Top_postplace_pwropt.dcp"/>
  <File Type="BG-BIN" Name="Comp4task_Top.bin"/>
  <File Type="POSTPLACE-PWROPT-TIMING" Name="Comp4task_Top_timing_summary_postplace_pwropted.rpt"/>
  <File Type="PHYSOPT-DCP" Name="Comp4task_Top_physopt.dcp"/>
  <File Type="PHYSOPT-DRC" Name="Comp4task_Top_drc_physopted.rpt"/>
  <File Type="BITSTR-MSK" Name="Comp4task_Top.msk"/>
  <File Type="PHYSOPT-TIMING" Name="Comp4task_Top_timing_summary_physopted.rpt"/>
  <File Type="ROUTE-ERROR-DCP" Name="Comp4task_Top_routed_error.dcp"/>
  <File Type="ROUTE-DCP" Name="Comp4task_Top_routed.dcp"/>
  <File Type="ROUTE-BLACKBOX-DCP" Name="Comp4task_Top_routed_bb.dcp"/>
  <File Type="ROUTE-DRC" Name="Comp4task_Top_drc_routed.rpt"/>
  <File Type="ROUTE-DRC-PB" Name="Comp4task_Top_drc_routed.pb"/>
  <File Type="ROUTE-DRC-RPX" Name="Comp4task_Top_drc_routed.rpx"/>
  <File Type="BITSTR-MMI" Name="Comp4task_Top.mmi"/>
  <File Type="ROUTE-METHODOLOGY-DRC" Name="Comp4task_Top_methodology_drc_routed.rpt"/>
  <File Type="ROUTE-METHODOLOGY-DRC-RPX" Name="Comp4task_Top_methodology_drc_routed.rpx"/>
  <File Type="ROUTE-METHODOLOGY-DRC-PB" Name="Comp4task_Top_methodology_drc_routed.pb"/>
  <File Type="ROUTE-PWR-RPX" Name="Comp4task_Top_power_routed.rpx"/>
  <File Type="ROUTE-STATUS" Name="Comp4task_Top_route_status.rpt"/>
  <File Type="ROUTE-STATUS-PB" Name="Comp4task_Top_route_status.pb"/>
  <File Type="ROUTE-TIMINGSUMMARY" Name="Comp4task_Top_timing_summary_routed.rpt"/>
  <File Type="ROUTE-TIMING-PB" Name="Comp4task_Top_timing_summary_routed.pb"/>
  <File Type="ROUTE-TIMING-RPX" Name="Comp4task_Top_timing_summary_routed.rpx"/>
  <File Type="ROUTE-SIMILARITY" Name="Comp4task_Top_incremental_reuse_routed.rpt"/>
  <File Type="ROUTE-CLK" Name="Comp4task_Top_clock_utilization_routed.rpt"/>
  <File Type="ROUTE-BUS-SKEW" Name="Comp4task_Top_bus_skew_routed.rpt"/>
  <File Type="ROUTE-BUS-SKEW-PB" Name="Comp4task_Top_bus_skew_routed.pb"/>
  <File Type="ROUTE-BUS-SKEW-RPX" Name="Comp4task_Top_bus_skew_routed.rpx"/>
  <File Type="POSTROUTE-PHYSOPT-DCP" Name="Comp4task_Top_postroute_physopt.dcp"/>
  <File Type="POSTROUTE-PHYSOPT-BLACKBOX-DCP" Name="Comp4task_Top_postroute_physopt_bb.dcp"/>
  <File Type="POSTROUTE-PHYSOPT-TIMING" Name="Comp4task_Top_timing_summary_postroute_physopted.rpt"/>
  <File Type="POSTROUTE-PHYSOPT-TIMING-PB" Name="Comp4task_Top_timing_summary_postroute_physopted.pb"/>
  <File Type="POSTROUTE-PHYSOPT-TIMING-RPX" Name="Comp4task_Top_timing_summary_postroute_physopted.rpx"/>
  <File Type="POSTROUTE-PHYSOPT-BUS-SKEW" Name="Comp4task_Top_bus_skew_postroute_physopted.rpt"/>
  <File Type="POSTROUTE-PHYSOPT-BUS-SKEW-PB" Name="Comp4task_Top_bus_skew_postroute_physopted.pb"/>
  <File Type="BG-BIT" Name="Comp4task_Top.bit"/>
  <File Type="POSTROUTE-PHYSOPT-BUS-SKEW-RPX" Name="Comp4task_Top_bus_skew_postroute_physopted.rpx"/>
  <File Type="BITSTR-RBT" Name="Comp4task_Top.rbt"/>
  <File Type="BITSTR-NKY" Name="Comp4task_Top.nky"/>
  <File Type="PDI-FILE" Name="Comp4task_Top.pdi"/>
  <File Type="RCFI_FILE" Name="Comp4task_Top.rcfi"/>
  <File Type="CFI_FILE" Name="Comp4task_Top.cfi"/>
  <File Type="RNPI_FILE" Name="Comp4task_Top.rnpi"/>
  <File Type="NPI_FILE" Name="Comp4task_Top.npi"/>
  <File Type="RBD_FILE" Name="Comp4task_Top.rbd"/>
  <File Type="BITSTR-LTX" Name="debug_nets.ltx"/>
  <File Type="BITSTR-LTX" Name="Comp4task_Top.ltx"/>
  <File Type="BITSTR-SYSDEF" Name="Comp4task_Top.sysdef"/>
  <File Type="BG-BGN" Name="Comp4task_Top.bgn"/>
  <File Type="BG-DRC" Name="Comp4task_Top.drc"/>
  <File Type="RDI-RDI" Name="Comp4task_Top.vdi"/>
  <File Type="WBT-USG" Name="usage_statistics_webtalk.html"/>
  <FileSet Name="sources" Type="DesignSrcs" RelSrcDir="$PSRCDIR/sources_1">
    <Filter Type="Srcs"/>
    <File Path="$PSRCDIR/sources_1/new/Comp4task.sv">
      <FileInfo>
        <Attr Name="UsedIn" Val="synthesis"/>
        <Attr Name="UsedIn" Val="implementation"/>
        <Attr Name="UsedIn" Val="simulation"/>
      </FileInfo>
    </File>
    <File Path="$PSRCDIR/sources_1/new/Comp4task_Top.sv">
      <FileInfo>
        <Attr Name="UsedIn" Val="synthesis"/>
        <Attr Name="UsedIn" Val="implementation"/>
        <Attr Name="UsedIn" Val="simulation"/>
      </FileInfo>
    </File>
    <File Path="$PSRCDIR/sources_1/new/CompN.sv">
      <FileInfo>
        <Attr Name="AutoDisabled" Val="1"/>
        <Attr Name="UsedIn" Val="synthesis"/>
        <Attr Name="UsedIn" Val="implementation"/>
        <Attr Name="UsedIn" Val="simulation"/>
      </FileInfo>
    </File>
    <Config>
      <Option Name="DesignMode" Val="RTL"/>
      <Option Name="TopModule" Val="Comp4task_Top"/>
      <Option Name="TopAutoSet" Val="TRUE"/>
    </Config>
  </FileSet>
  <FileSet Name="constrs_in" Type="Constrs" RelSrcDir="$PSRCDIR/constrs_1">
    <Filter Type="Constrs"/>
    <File Path="$PSRCDIR/constrs_1/imports/Nexys4DDR_Master.xdc">
      <FileInfo>
        <Attr Name="ImportPath" Val="$PPRDIR/../../../../Nexys4DDR_Master.xdc"/>
        <Attr Name="ImportTime" Val="1654410442"/>
        <Attr Name="UsedIn" Val="synthesis"/>
        <Attr Name="UsedIn" Val="implementation"/>
      </FileInfo>
    </File>
    <Config>
      <Option Name="ConstrsType" Val="XDC"/>
    </Config>
  </FileSet>
  <FileSet Name="utils" Type="Utils" RelSrcDir="$PSRCDIR/utils_1">
    <Filter Type="Utils"/>
    <Config>
      <Option Name="TopAutoSet" Val="TRUE"/>
    </Config>
  </FileSet>
  <Strategy Version="1" Minor="2">
    <StratHandle Name="Vivado Implementation Defaults" Flow="Vivado Implementation 2015">
      <Desc>Vivado Implementation Defaults</Desc>
    </StratHandle>
    <Step Id="init_design"/>
    <Step Id="opt_design"/>
    <Step Id="power_opt_design"/>
    <Step Id="place_design"/>
    <Step Id="post_place_power_opt_design"/>
    <Step Id="phys_opt_design"/>
    <Step Id="route_design"/>
    <Step Id="post_route_phys_opt_design"/>
    <Step Id="write_bitstream"/>
  </Strategy>
</GenRun>
