<?xml version="1.0" encoding="UTF-8"?>
<GenRun Id="ASCII_ROM_synth_1" LaunchPart="xc7a100tcsg324-1" LaunchTime="1701570895">
  <File Type="PA-TCL" Name="ASCII_ROM.tcl"/>
  <File Type="REPORTS-TCL" Name="ASCII_ROM_reports.tcl"/>
  <File Type="RDS-RDS" Name="ASCII_ROM.vds"/>
  <File Type="RDS-DCP" Name="ASCII_ROM.dcp"/>
  <FileSet Name="sources" Type="BlockSrcs" RelSrcDir="$PSRCDIR/ASCII_ROM">
    <File Path="$PSRCDIR/sources_1/ip/ASCII_ROM/ASCII_ROM.xci">
      <FileInfo>
        <Attr Name="UsedIn" Val="synthesis"/>
        <Attr Name="UsedIn" Val="implementation"/>
        <Attr Name="UsedIn" Val="simulation"/>
      </FileInfo>
    </File>
    <Config>
      <Option Name="TopModule" Val="ASCII_ROM"/>
      <Option Name="UseBlackboxStub" Val="1"/>
    </Config>
  </FileSet>
  <FileSet Name="constrs_in" Type="BlockSrcs" RelSrcDir="$PSRCDIR/ASCII_ROM">
    <File Path="$PSRCDIR/sources_1/ip/ASCII_ROM/ASCII_ROM.xci">
      <FileInfo>
        <Attr Name="UsedIn" Val="synthesis"/>
        <Attr Name="UsedIn" Val="implementation"/>
        <Attr Name="UsedIn" Val="simulation"/>
      </FileInfo>
    </File>
    <Config>
      <Option Name="TopModule" Val="ASCII_ROM"/>
      <Option Name="UseBlackboxStub" Val="1"/>
    </Config>
  </FileSet>
  <FileSet Name="utils" Type="Utils" RelSrcDir="$PSRCDIR/utils_1">
    <Filter Type="Utils"/>
    <Config>
      <Option Name="TopAutoSet" Val="TRUE"/>
    </Config>
  </FileSet>
  <Strategy Version="1" Minor="2">
    <StratHandle Name="Vivado Synthesis Defaults" Flow="Vivado Synthesis 2019"/>
    <Step Id="synth_design"/>
  </Strategy>
</GenRun>
