<?xml version="1.0" encoding="UTF-8"?>
<GenRun Id="synth_1" LaunchPart="xc7a100tcsg324-1" LaunchTime="1694679961">
  <File Type="PA-TCL" Name="x7seg_Top.tcl"/>
  <File Type="RDS-PROPCONSTRS" Name="x7seg_Top_drc_synth.rpt"/>
  <File Type="REPORTS-TCL" Name="x7seg_Top_reports.tcl"/>
  <File Type="RDS-RDS" Name="x7seg_Top.vds"/>
  <File Type="RDS-UTIL" Name="x7seg_Top_utilization_synth.rpt"/>
  <File Type="RDS-UTIL-PB" Name="x7seg_Top_utilization_synth.pb"/>
  <File Type="RDS-DCP" Name="x7seg_Top.dcp"/>
  <File Type="VDS-TIMINGSUMMARY" Name="x7seg_Top_timing_summary_synth.rpt"/>
  <File Type="VDS-TIMING-PB" Name="x7seg_Top_timing_summary_synth.pb"/>
  <FileSet Name="sources" Type="DesignSrcs" RelSrcDir="$PSRCDIR/sources_1">
    <Filter Type="Srcs"/>
    <File Path="$PSRCDIR/sources_1/imports/new/Hex7Seg.sv">
      <FileInfo>
        <Attr Name="ImportPath" Val="$PPRDIR/../mux7seg/mux7seg.srcs/sources_1/new/Hex7Seg.sv"/>
        <Attr Name="ImportTime" Val="1660203946"/>
        <Attr Name="UsedIn" Val="synthesis"/>
        <Attr Name="UsedIn" Val="implementation"/>
        <Attr Name="UsedIn" Val="simulation"/>
      </FileInfo>
    </File>
    <File Path="$PSRCDIR/sources_1/new/x7seg.sv">
      <FileInfo>
        <Attr Name="UsedIn" Val="synthesis"/>
        <Attr Name="UsedIn" Val="implementation"/>
        <Attr Name="UsedIn" Val="simulation"/>
      </FileInfo>
    </File>
    <File Path="$PSRCDIR/sources_1/new/x7seg_Top.sv">
      <FileInfo>
        <Attr Name="UsedIn" Val="synthesis"/>
        <Attr Name="UsedIn" Val="implementation"/>
        <Attr Name="UsedIn" Val="simulation"/>
      </FileInfo>
    </File>
    <Config>
      <Option Name="DesignMode" Val="RTL"/>
      <Option Name="TopModule" Val="x7seg_Top"/>
      <Option Name="TopAutoSet" Val="TRUE"/>
    </Config>
  </FileSet>
  <FileSet Name="constrs_in" Type="Constrs" RelSrcDir="$PSRCDIR/constrs_1">
    <Filter Type="Constrs"/>
    <File Path="$PSRCDIR/constrs_1/imports/01 XUP Nexys4 DDR Board/Nexys4DDR_Master.xdc">
      <FileInfo>
        <Attr Name="ImportPath" Val="$PPRDIR/../mux7seg/mux7seg.srcs/constrs_1/imports/01 XUP Nexys4 DDR Board/Nexys4DDR_Master.xdc"/>
        <Attr Name="ImportTime" Val="1660203842"/>
        <Attr Name="UsedIn" Val="synthesis"/>
        <Attr Name="UsedIn" Val="implementation"/>
      </FileInfo>
    </File>
    <Config>
      <Option Name="ConstrsType" Val="XDC"/>
    </Config>
  </FileSet>
  <FileSet Name="utils" Type="Utils" RelSrcDir="$PSRCDIR/utils_1">
    <Filter Type="Utils"/>
    <Config>
      <Option Name="TopAutoSet" Val="TRUE"/>
    </Config>
  </FileSet>
  <Strategy Version="1" Minor="2">
    <StratHandle Name="Vivado Synthesis Defaults" Flow="Vivado Synthesis 2019"/>
    <Step Id="synth_design"/>
  </Strategy>
</GenRun>
