<?xml version="1.0" encoding="UTF-8"?>
<GenRun Id="impl_1" LaunchPart="xc7a100tcsg324-1" LaunchTime="1667012326">
  <File Type="PA-TCL" Name="CouterTop.tcl"/>
  <File Type="BITSTR-BMM" Name="CouterTop_bd.bmm"/>
  <File Type="REPORTS-TCL" Name="CouterTop_reports.tcl"/>
  <File Type="OPT-DCP" Name="CouterTop_opt.dcp"/>
  <File Type="OPT-HWDEF" Name="CouterTop.hwdef"/>
  <File Type="PWROPT-DCP" Name="CouterTop_pwropt.dcp"/>
  <File Type="PLACE-DCP" Name="CouterTop_placed.dcp"/>
  <File Type="PLACE-PRE-SIMILARITY" Name="CouterTop_incremental_reuse_pre_placed.rpt"/>
  <File Type="POSTPLACE-PWROPT-DCP" Name="CouterTop_postplace_pwropt.dcp"/>
  <File Type="BG-BIN" Name="CouterTop.bin"/>
  <File Type="PHYSOPT-DCP" Name="CouterTop_physopt.dcp"/>
  <File Type="BITSTR-MSK" Name="CouterTop.msk"/>
  <File Type="ROUTE-ERROR-DCP" Name="CouterTop_routed_error.dcp"/>
  <File Type="ROUTE-DCP" Name="CouterTop_routed.dcp"/>
  <File Type="ROUTE-BLACKBOX-DCP" Name="CouterTop_routed_bb.dcp"/>
  <File Type="BITSTR-LTX" Name="CouterTop.ltx"/>
  <File Type="BITSTR-MMI" Name="CouterTop.mmi"/>
  <File Type="BITSTR-SYSDEF" Name="CouterTop.sysdef"/>
  <File Type="ROUTE-TIMING-PB" Name="CouterTop_timing_summary_routed.pb"/>
  <File Type="RDI-RDI" Name="CouterTop.vdi"/>
  <File Type="POSTROUTE-PHYSOPT-DCP" Name="CouterTop_postroute_physopt.dcp"/>
  <File Type="POSTROUTE-PHYSOPT-BLACKBOX-DCP" Name="CouterTop_postroute_physopt_bb.dcp"/>
  <File Type="BG-BIT" Name="CouterTop.bit"/>
  <File Type="BITSTR-RBT" Name="CouterTop.rbt"/>
  <File Type="BITSTR-NKY" Name="CouterTop.nky"/>
  <File Type="PDI-FILE" Name="CouterTop.pdi"/>
  <File Type="RCFI_FILE" Name="CouterTop.rcfi"/>
  <File Type="CFI_FILE" Name="CouterTop.cfi"/>
  <File Type="WBT-USG" Name="usage_statistics_webtalk.html"/>
  <File Type="RNPI_FILE" Name="CouterTop.rnpi"/>
  <File Type="NPI_FILE" Name="CouterTop.npi"/>
  <File Type="RBD_FILE" Name="CouterTop.rbd"/>
  <File Type="BG-BGN" Name="CouterTop.bgn"/>
  <File Type="BG-DRC" Name="CouterTop.drc"/>
  <FileSet Name="sources" Type="DesignSrcs" RelSrcDir="$PSRCDIR/sources_1">
    <Filter Type="Srcs"/>
    <File Path="$PSRCDIR/sources_1/new/Counter.sv">
      <FileInfo>
        <Attr Name="UsedIn" Val="synthesis"/>
        <Attr Name="UsedIn" Val="implementation"/>
        <Attr Name="UsedIn" Val="simulation"/>
      </FileInfo>
    </File>
    <File Path="$PSRCDIR/sources_1/new/OneSecond.sv">
      <FileInfo>
        <Attr Name="UsedIn" Val="synthesis"/>
        <Attr Name="UsedIn" Val="implementation"/>
        <Attr Name="UsedIn" Val="simulation"/>
      </FileInfo>
    </File>
    <File Path="$PSRCDIR/sources_1/new/CouterTop.sv">
      <FileInfo>
        <Attr Name="UsedIn" Val="synthesis"/>
        <Attr Name="UsedIn" Val="implementation"/>
        <Attr Name="UsedIn" Val="simulation"/>
      </FileInfo>
    </File>
    <Config>
      <Option Name="DesignMode" Val="RTL"/>
      <Option Name="TopModule" Val="CouterTop"/>
      <Option Name="TopAutoSet" Val="TRUE"/>
    </Config>
  </FileSet>
  <FileSet Name="constrs_in" Type="Constrs" RelSrcDir="$PSRCDIR/constrs_1">
    <Filter Type="Constrs"/>
    <File Path="$PSRCDIR/constrs_1/imports/Nexys4DDR_Master.xdc">
      <FileInfo>
        <Attr Name="ImportPath" Val="$PPRDIR/../../../../Nexys4DDR_Master.xdc"/>
        <Attr Name="ImportTime" Val="1666338546"/>
        <Attr Name="UsedIn" Val="synthesis"/>
        <Attr Name="UsedIn" Val="implementation"/>
      </FileInfo>
    </File>
    <Config>
      <Option Name="ConstrsType" Val="XDC"/>
    </Config>
  </FileSet>
  <FileSet Name="utils" Type="Utils" RelSrcDir="$PSRCDIR/utils_1">
    <Filter Type="Utils"/>
    <Config>
      <Option Name="TopAutoSet" Val="TRUE"/>
    </Config>
  </FileSet>
  <Strategy Version="1" Minor="2">
    <StratHandle Name="Vivado Implementation Defaults" Flow="Vivado Implementation 2019"/>
    <Step Id="init_design"/>
    <Step Id="opt_design"/>
    <Step Id="power_opt_design"/>
    <Step Id="place_design"/>
    <Step Id="post_place_power_opt_design"/>
    <Step Id="phys_opt_design" EnableStepBool="1"/>
    <Step Id="route_design"/>
    <Step Id="post_route_phys_opt_design"/>
    <Step Id="write_bitstream"/>
    <Step Id="write_device_image"/>
  </Strategy>
</GenRun>
