<?xml version="1.0" encoding="UTF-8"?>
<GenRun Id="impl_1" LaunchPart="xc7a100tcsg324-1" LaunchTime="1643787674">
  <File Type="BITSTR-BMM" Name="blinkLED_bd.bmm"/>
  <File Type="OPT-METHODOLOGY-DRC" Name="blinkLED_methodology_drc_opted.rpt"/>
  <File Type="INIT-TIMING" Name="blinkLED_timing_summary_init.rpt"/>
  <File Type="ROUTE-PWR" Name="blinkLED_power_routed.rpt"/>
  <File Type="PA-TCL" Name="blinkLED.tcl"/>
  <File Type="OPT-TIMING" Name="blinkLED_timing_summary_opted.rpt"/>
  <File Type="OPT-DCP" Name="blinkLED_opt.dcp"/>
  <File Type="ROUTE-PWR-SUM" Name="blinkLED_power_summary_routed.pb"/>
  <File Type="REPORTS-TCL" Name="blinkLED_reports.tcl"/>
  <File Type="OPT-DRC" Name="blinkLED_drc_opted.rpt"/>
  <File Type="OPT-HWDEF" Name="blinkLED.hwdef"/>
  <File Type="PWROPT-DCP" Name="blinkLED_pwropt.dcp"/>
  <File Type="PWROPT-DRC" Name="blinkLED_drc_pwropted.rpt"/>
  <File Type="PWROPT-TIMING" Name="blinkLED_timing_summary_pwropted.rpt"/>
  <File Type="PLACE-DCP" Name="blinkLED_placed.dcp"/>
  <File Type="PLACE-IO" Name="blinkLED_io_placed.rpt"/>
  <File Type="PLACE-CLK" Name="blinkLED_clock_utilization_placed.rpt"/>
  <File Type="PLACE-UTIL" Name="blinkLED_utilization_placed.rpt"/>
  <File Type="PLACE-UTIL-PB" Name="blinkLED_utilization_placed.pb"/>
  <File Type="PLACE-CTRL" Name="blinkLED_control_sets_placed.rpt"/>
  <File Type="PLACE-SIMILARITY" Name="blinkLED_incremental_reuse_placed.rpt"/>
  <File Type="PLACE-PRE-SIMILARITY" Name="blinkLED_incremental_reuse_pre_placed.rpt"/>
  <File Type="PLACE-TIMING" Name="blinkLED_timing_summary_placed.rpt"/>
  <File Type="POSTPLACE-PWROPT-DCP" Name="blinkLED_postplace_pwropt.dcp"/>
  <File Type="BG-BIN" Name="blinkLED.bin"/>
  <File Type="POSTPLACE-PWROPT-TIMING" Name="blinkLED_timing_summary_postplace_pwropted.rpt"/>
  <File Type="PHYSOPT-DCP" Name="blinkLED_physopt.dcp"/>
  <File Type="PHYSOPT-DRC" Name="blinkLED_drc_physopted.rpt"/>
  <File Type="BITSTR-MSK" Name="blinkLED.msk"/>
  <File Type="PHYSOPT-TIMING" Name="blinkLED_timing_summary_physopted.rpt"/>
  <File Type="ROUTE-ERROR-DCP" Name="blinkLED_routed_error.dcp"/>
  <File Type="ROUTE-DCP" Name="blinkLED_routed.dcp"/>
  <File Type="ROUTE-BLACKBOX-DCP" Name="blinkLED_routed_bb.dcp"/>
  <File Type="ROUTE-DRC" Name="blinkLED_drc_routed.rpt"/>
  <File Type="ROUTE-DRC-PB" Name="blinkLED_drc_routed.pb"/>
  <File Type="ROUTE-DRC-RPX" Name="blinkLED_drc_routed.rpx"/>
  <File Type="BITSTR-MMI" Name="blinkLED.mmi"/>
  <File Type="ROUTE-METHODOLOGY-DRC" Name="blinkLED_methodology_drc_routed.rpt"/>
  <File Type="ROUTE-METHODOLOGY-DRC-RPX" Name="blinkLED_methodology_drc_routed.rpx"/>
  <File Type="ROUTE-METHODOLOGY-DRC-PB" Name="blinkLED_methodology_drc_routed.pb"/>
  <File Type="ROUTE-PWR-RPX" Name="blinkLED_power_routed.rpx"/>
  <File Type="ROUTE-STATUS" Name="blinkLED_route_status.rpt"/>
  <File Type="ROUTE-STATUS-PB" Name="blinkLED_route_status.pb"/>
  <File Type="ROUTE-TIMINGSUMMARY" Name="blinkLED_timing_summary_routed.rpt"/>
  <File Type="ROUTE-TIMING-PB" Name="blinkLED_timing_summary_routed.pb"/>
  <File Type="ROUTE-TIMING-RPX" Name="blinkLED_timing_summary_routed.rpx"/>
  <File Type="ROUTE-SIMILARITY" Name="blinkLED_incremental_reuse_routed.rpt"/>
  <File Type="ROUTE-CLK" Name="blinkLED_clock_utilization_routed.rpt"/>
  <File Type="ROUTE-BUS-SKEW" Name="blinkLED_bus_skew_routed.rpt"/>
  <File Type="ROUTE-BUS-SKEW-PB" Name="blinkLED_bus_skew_routed.pb"/>
  <File Type="ROUTE-BUS-SKEW-RPX" Name="blinkLED_bus_skew_routed.rpx"/>
  <File Type="POSTROUTE-PHYSOPT-DCP" Name="blinkLED_postroute_physopt.dcp"/>
  <File Type="POSTROUTE-PHYSOPT-BLACKBOX-DCP" Name="blinkLED_postroute_physopt_bb.dcp"/>
  <File Type="POSTROUTE-PHYSOPT-TIMING" Name="blinkLED_timing_summary_postroute_physopted.rpt"/>
  <File Type="POSTROUTE-PHYSOPT-TIMING-PB" Name="blinkLED_timing_summary_postroute_physopted.pb"/>
  <File Type="POSTROUTE-PHYSOPT-TIMING-RPX" Name="blinkLED_timing_summary_postroute_physopted.rpx"/>
  <File Type="POSTROUTE-PHYSOPT-BUS-SKEW" Name="blinkLED_bus_skew_postroute_physopted.rpt"/>
  <File Type="POSTROUTE-PHYSOPT-BUS-SKEW-PB" Name="blinkLED_bus_skew_postroute_physopted.pb"/>
  <File Type="BG-BIT" Name="blinkLED.bit"/>
  <File Type="POSTROUTE-PHYSOPT-BUS-SKEW-RPX" Name="blinkLED_bus_skew_postroute_physopted.rpx"/>
  <File Type="BITSTR-RBT" Name="blinkLED.rbt"/>
  <File Type="BITSTR-NKY" Name="blinkLED.nky"/>
  <File Type="PDI-FILE" Name="blinkLED.pdi"/>
  <File Type="RCFI_FILE" Name="blinkLED.rcfi"/>
  <File Type="CFI_FILE" Name="blinkLED.cfi"/>
  <File Type="RNPI_FILE" Name="blinkLED.rnpi"/>
  <File Type="NPI_FILE" Name="blinkLED.npi"/>
  <File Type="RBD_FILE" Name="blinkLED.rbd"/>
  <File Type="BITSTR-LTX" Name="debug_nets.ltx"/>
  <File Type="BITSTR-LTX" Name="blinkLED.ltx"/>
  <File Type="BITSTR-SYSDEF" Name="blinkLED.sysdef"/>
  <File Type="BG-BGN" Name="blinkLED.bgn"/>
  <File Type="BG-DRC" Name="blinkLED.drc"/>
  <File Type="RDI-RDI" Name="blinkLED.vdi"/>
  <File Type="WBT-USG" Name="usage_statistics_webtalk.html"/>
  <FileSet Name="sources" Type="DesignSrcs" RelSrcDir="$PSRCDIR/sources_1">
    <Filter Type="Srcs"/>
    <File Path="$PSRCDIR/sources_1/new/blinkLED.sv">
      <FileInfo>
        <Attr Name="UsedIn" Val="synthesis"/>
        <Attr Name="UsedIn" Val="implementation"/>
        <Attr Name="UsedIn" Val="simulation"/>
      </FileInfo>
    </File>
    <Config>
      <Option Name="DesignMode" Val="RTL"/>
      <Option Name="TopModule" Val="blinkLED"/>
      <Option Name="TopAutoSet" Val="TRUE"/>
    </Config>
  </FileSet>
  <FileSet Name="constrs_in" Type="Constrs" RelSrcDir="$PSRCDIR/constrs_1">
    <Filter Type="Constrs"/>
    <File Path="$PSRCDIR/constrs_1/imports/VGA/Nexys4DDR_Master.xdc">
      <FileInfo>
        <Attr Name="ImportPath" Val="$PPRDIR/../VGA/Nexys4DDR_Master.xdc"/>
        <Attr Name="ImportTime" Val="1493685362"/>
        <Attr Name="UsedIn" Val="synthesis"/>
        <Attr Name="UsedIn" Val="implementation"/>
      </FileInfo>
    </File>
    <Config>
      <Option Name="ConstrsType" Val="XDC"/>
    </Config>
  </FileSet>
  <FileSet Name="utils" Type="Utils" RelSrcDir="$PSRCDIR/utils_1">
    <Filter Type="Utils"/>
    <Config>
      <Option Name="TopAutoSet" Val="TRUE"/>
    </Config>
  </FileSet>
  <Strategy Version="1" Minor="2">
    <StratHandle Name="Vivado Implementation Defaults" Flow="Vivado Implementation 2019">
      <Desc>Default settings for Implementation.</Desc>
    </StratHandle>
    <Step Id="init_design"/>
    <Step Id="opt_design"/>
    <Step Id="power_opt_design"/>
    <Step Id="place_design"/>
    <Step Id="post_place_power_opt_design"/>
    <Step Id="phys_opt_design" EnableStepBool="1"/>
    <Step Id="route_design"/>
    <Step Id="post_route_phys_opt_design"/>
    <Step Id="write_bitstream"/>
  </Strategy>
</GenRun>
