<?xml version="1.0" encoding="UTF-8"?>
<GenRun Id="impl_1" LaunchPart="xc7a100tcsg324-1" LaunchTime="1660192709">
  <File Type="BITSTR-BMM" Name="Leds_bd.bmm"/>
  <File Type="OPT-METHODOLOGY-DRC" Name="Leds_methodology_drc_opted.rpt"/>
  <File Type="INIT-TIMING" Name="Leds_timing_summary_init.rpt"/>
  <File Type="ROUTE-PWR" Name="Leds_power_routed.rpt"/>
  <File Type="PA-TCL" Name="Leds.tcl"/>
  <File Type="OPT-TIMING" Name="Leds_timing_summary_opted.rpt"/>
  <File Type="OPT-DCP" Name="Leds_opt.dcp"/>
  <File Type="ROUTE-PWR-SUM" Name="Leds_power_summary_routed.pb"/>
  <File Type="REPORTS-TCL" Name="Leds_reports.tcl"/>
  <File Type="OPT-DRC" Name="Leds_drc_opted.rpt"/>
  <File Type="OPT-HWDEF" Name="Leds.hwdef"/>
  <File Type="PWROPT-DCP" Name="Leds_pwropt.dcp"/>
  <File Type="PWROPT-DRC" Name="Leds_drc_pwropted.rpt"/>
  <File Type="PWROPT-TIMING" Name="Leds_timing_summary_pwropted.rpt"/>
  <File Type="PLACE-DCP" Name="Leds_placed.dcp"/>
  <File Type="PLACE-IO" Name="Leds_io_placed.rpt"/>
  <File Type="PLACE-CLK" Name="Leds_clock_utilization_placed.rpt"/>
  <File Type="PLACE-UTIL" Name="Leds_utilization_placed.rpt"/>
  <File Type="PLACE-UTIL-PB" Name="Leds_utilization_placed.pb"/>
  <File Type="PLACE-CTRL" Name="Leds_control_sets_placed.rpt"/>
  <File Type="PLACE-SIMILARITY" Name="Leds_incremental_reuse_placed.rpt"/>
  <File Type="PLACE-PRE-SIMILARITY" Name="Leds_incremental_reuse_pre_placed.rpt"/>
  <File Type="PLACE-TIMING" Name="Leds_timing_summary_placed.rpt"/>
  <File Type="POSTPLACE-PWROPT-DCP" Name="Leds_postplace_pwropt.dcp"/>
  <File Type="BG-BIN" Name="Leds.bin"/>
  <File Type="POSTPLACE-PWROPT-TIMING" Name="Leds_timing_summary_postplace_pwropted.rpt"/>
  <File Type="PHYSOPT-DCP" Name="Leds_physopt.dcp"/>
  <File Type="PHYSOPT-DRC" Name="Leds_drc_physopted.rpt"/>
  <File Type="BITSTR-MSK" Name="Leds.msk"/>
  <File Type="PHYSOPT-TIMING" Name="Leds_timing_summary_physopted.rpt"/>
  <File Type="ROUTE-ERROR-DCP" Name="Leds_routed_error.dcp"/>
  <File Type="ROUTE-DCP" Name="Leds_routed.dcp"/>
  <File Type="ROUTE-BLACKBOX-DCP" Name="Leds_routed_bb.dcp"/>
  <File Type="ROUTE-DRC" Name="Leds_drc_routed.rpt"/>
  <File Type="ROUTE-DRC-PB" Name="Leds_drc_routed.pb"/>
  <File Type="ROUTE-DRC-RPX" Name="Leds_drc_routed.rpx"/>
  <File Type="BITSTR-MMI" Name="Leds.mmi"/>
  <File Type="ROUTE-METHODOLOGY-DRC" Name="Leds_methodology_drc_routed.rpt"/>
  <File Type="ROUTE-METHODOLOGY-DRC-RPX" Name="Leds_methodology_drc_routed.rpx"/>
  <File Type="ROUTE-METHODOLOGY-DRC-PB" Name="Leds_methodology_drc_routed.pb"/>
  <File Type="ROUTE-PWR-RPX" Name="Leds_power_routed.rpx"/>
  <File Type="ROUTE-STATUS" Name="Leds_route_status.rpt"/>
  <File Type="ROUTE-STATUS-PB" Name="Leds_route_status.pb"/>
  <File Type="ROUTE-TIMINGSUMMARY" Name="Leds_timing_summary_routed.rpt"/>
  <File Type="ROUTE-TIMING-PB" Name="Leds_timing_summary_routed.pb"/>
  <File Type="ROUTE-TIMING-RPX" Name="Leds_timing_summary_routed.rpx"/>
  <File Type="ROUTE-SIMILARITY" Name="Leds_incremental_reuse_routed.rpt"/>
  <File Type="ROUTE-CLK" Name="Leds_clock_utilization_routed.rpt"/>
  <File Type="ROUTE-BUS-SKEW" Name="Leds_bus_skew_routed.rpt"/>
  <File Type="ROUTE-BUS-SKEW-PB" Name="Leds_bus_skew_routed.pb"/>
  <File Type="ROUTE-BUS-SKEW-RPX" Name="Leds_bus_skew_routed.rpx"/>
  <File Type="POSTROUTE-PHYSOPT-DCP" Name="Leds_postroute_physopt.dcp"/>
  <File Type="POSTROUTE-PHYSOPT-BLACKBOX-DCP" Name="Leds_postroute_physopt_bb.dcp"/>
  <File Type="POSTROUTE-PHYSOPT-TIMING" Name="Leds_timing_summary_postroute_physopted.rpt"/>
  <File Type="POSTROUTE-PHYSOPT-TIMING-PB" Name="Leds_timing_summary_postroute_physopted.pb"/>
  <File Type="POSTROUTE-PHYSOPT-TIMING-RPX" Name="Leds_timing_summary_postroute_physopted.rpx"/>
  <File Type="POSTROUTE-PHYSOPT-BUS-SKEW" Name="Leds_bus_skew_postroute_physopted.rpt"/>
  <File Type="POSTROUTE-PHYSOPT-BUS-SKEW-PB" Name="Leds_bus_skew_postroute_physopted.pb"/>
  <File Type="BG-BIT" Name="Leds.bit"/>
  <File Type="POSTROUTE-PHYSOPT-BUS-SKEW-RPX" Name="Leds_bus_skew_postroute_physopted.rpx"/>
  <File Type="BITSTR-RBT" Name="Leds.rbt"/>
  <File Type="BITSTR-NKY" Name="Leds.nky"/>
  <File Type="PDI-FILE" Name="Leds.pdi"/>
  <File Type="RCFI_FILE" Name="Leds.rcfi"/>
  <File Type="CFI_FILE" Name="Leds.cfi"/>
  <File Type="RNPI_FILE" Name="Leds.rnpi"/>
  <File Type="NPI_FILE" Name="Leds.npi"/>
  <File Type="RBD_FILE" Name="Leds.rbd"/>
  <File Type="BITSTR-LTX" Name="debug_nets.ltx"/>
  <File Type="BITSTR-LTX" Name="Leds.ltx"/>
  <File Type="BITSTR-SYSDEF" Name="Leds.sysdef"/>
  <File Type="BG-BGN" Name="Leds.bgn"/>
  <File Type="BG-DRC" Name="Leds.drc"/>
  <File Type="RDI-RDI" Name="Leds.vdi"/>
  <File Type="WBT-USG" Name="usage_statistics_webtalk.html"/>
  <FileSet Name="sources" Type="DesignSrcs" RelSrcDir="$PSRCDIR/sources_1">
    <Filter Type="Srcs"/>
    <File Path="$PSRCDIR/sources_1/new/Leds.sv">
      <FileInfo>
        <Attr Name="UsedIn" Val="synthesis"/>
        <Attr Name="UsedIn" Val="implementation"/>
        <Attr Name="UsedIn" Val="simulation"/>
      </FileInfo>
    </File>
    <Config>
      <Option Name="DesignMode" Val="RTL"/>
      <Option Name="TopModule" Val="Leds"/>
      <Option Name="TopAutoSet" Val="TRUE"/>
    </Config>
  </FileSet>
  <FileSet Name="constrs_in" Type="Constrs" RelSrcDir="$PSRCDIR/constrs_1">
    <Filter Type="Constrs"/>
    <File Path="$PSRCDIR/constrs_1/imports/01 XUP Nexys4 DDR Board/Nexys4DDR_Master.xdc">
      <FileInfo>
        <Attr Name="ImportPath" Val="$PPRDIR/../../../../_SamData/Vivado2022/Codes/LEDs/project_1.srcs/constrs_1/imports/01 XUP Nexys4 DDR Board/Nexys4DDR_Master.xdc"/>
        <Attr Name="ImportTime" Val="1486167780"/>
        <Attr Name="UsedIn" Val="synthesis"/>
        <Attr Name="UsedIn" Val="implementation"/>
      </FileInfo>
    </File>
    <Config>
      <Option Name="ConstrsType" Val="XDC"/>
    </Config>
  </FileSet>
  <FileSet Name="utils" Type="Utils" RelSrcDir="$PSRCDIR/utils_1">
    <Filter Type="Utils"/>
    <Config>
      <Option Name="TopAutoSet" Val="TRUE"/>
    </Config>
  </FileSet>
  <Strategy Version="1" Minor="2">
    <StratHandle Name="Vivado Implementation Defaults" Flow="Vivado Implementation 2019">
      <Desc>Default settings for Implementation.</Desc>
    </StratHandle>
    <Step Id="init_design"/>
    <Step Id="opt_design"/>
    <Step Id="power_opt_design"/>
    <Step Id="place_design"/>
    <Step Id="post_place_power_opt_design"/>
    <Step Id="phys_opt_design" EnableStepBool="1"/>
    <Step Id="route_design"/>
    <Step Id="post_route_phys_opt_design"/>
    <Step Id="write_bitstream"/>
  </Strategy>
</GenRun>
