<?xml version="1.0" encoding="UTF-8"?>
<GenRun Id="synth_1" LaunchPart="xc7a100tcsg324-1" LaunchTime="1670564394">
  <File Type="PA-TCL" Name="OneByOne_Top.tcl"/>
  <File Type="RDS-PROPCONSTRS" Name="OneByOne_Top_drc_synth.rpt"/>
  <File Type="REPORTS-TCL" Name="OneByOne_Top_reports.tcl"/>
  <File Type="RDS-RDS" Name="OneByOne_Top.vds"/>
  <File Type="RDS-UTIL" Name="OneByOne_Top_utilization_synth.rpt"/>
  <File Type="RDS-UTIL-PB" Name="OneByOne_Top_utilization_synth.pb"/>
  <File Type="RDS-DCP" Name="OneByOne_Top.dcp"/>
  <File Type="VDS-TIMINGSUMMARY" Name="OneByOne_Top_timing_summary_synth.rpt"/>
  <File Type="VDS-TIMING-PB" Name="OneByOne_Top_timing_summary_synth.pb"/>
  <FileSet Name="sources" Type="DesignSrcs" RelSrcDir="$PSRCDIR/sources_1">
    <Filter Type="Srcs"/>
    <File Path="$PSRCDIR/sources_1/imports/new/Clk3Hz.sv">
      <FileInfo>
        <Attr Name="ImportPath" Val="$PPRDIR/../WaterLED/WaterLED.srcs/sources_1/new/Clk3Hz.sv"/>
        <Attr Name="ImportTime" Val="1668223843"/>
        <Attr Name="UsedIn" Val="synthesis"/>
        <Attr Name="UsedIn" Val="implementation"/>
        <Attr Name="UsedIn" Val="simulation"/>
      </FileInfo>
    </File>
    <File Path="$PSRCDIR/sources_1/imports/new/OneByOne.sv">
      <FileInfo>
        <Attr Name="ImportPath" Val="$PPRDIR/../WaterLED/WaterLED.srcs/sources_1/new/OneByOne.sv"/>
        <Attr Name="ImportTime" Val="1670564106"/>
        <Attr Name="UsedIn" Val="synthesis"/>
        <Attr Name="UsedIn" Val="implementation"/>
        <Attr Name="UsedIn" Val="simulation"/>
      </FileInfo>
    </File>
    <File Path="$PSRCDIR/sources_1/imports/new/OneByOne_Top.sv">
      <FileInfo>
        <Attr Name="ImportPath" Val="$PPRDIR/../WaterLED/WaterLED.srcs/sources_1/new/OneByOne_Top.sv"/>
        <Attr Name="ImportTime" Val="1670563756"/>
        <Attr Name="UsedIn" Val="synthesis"/>
        <Attr Name="UsedIn" Val="implementation"/>
        <Attr Name="UsedIn" Val="simulation"/>
      </FileInfo>
    </File>
    <File Path="$PSRCDIR/sources_1/new/ShiftReg.sv">
      <FileInfo>
        <Attr Name="AutoDisabled" Val="1"/>
        <Attr Name="UsedIn" Val="synthesis"/>
        <Attr Name="UsedIn" Val="implementation"/>
        <Attr Name="UsedIn" Val="simulation"/>
      </FileInfo>
    </File>
    <File Path="$PSRCDIR/sources_1/new/ShiftReg2.sv">
      <FileInfo>
        <Attr Name="AutoDisabled" Val="1"/>
        <Attr Name="UsedIn" Val="synthesis"/>
        <Attr Name="UsedIn" Val="implementation"/>
        <Attr Name="UsedIn" Val="simulation"/>
      </FileInfo>
    </File>
    <File Path="$PSRCDIR/sources_1/new/Ring4.sv">
      <FileInfo>
        <Attr Name="AutoDisabled" Val="1"/>
        <Attr Name="UsedIn" Val="synthesis"/>
        <Attr Name="UsedIn" Val="implementation"/>
        <Attr Name="UsedIn" Val="simulation"/>
      </FileInfo>
    </File>
    <Config>
      <Option Name="DesignMode" Val="RTL"/>
      <Option Name="TopModule" Val="OneByOne_Top"/>
    </Config>
  </FileSet>
  <FileSet Name="constrs_in" Type="Constrs" RelSrcDir="$PSRCDIR/constrs_1">
    <Filter Type="Constrs"/>
    <File Path="$PSRCDIR/constrs_1/imports/WaterLED/Nexys4DDR_Master.xdc">
      <FileInfo>
        <Attr Name="ImportPath" Val="$PPRDIR/../WaterLED/WaterLED.srcs/constrs_1/imports/WaterLED/Nexys4DDR_Master.xdc"/>
        <Attr Name="ImportTime" Val="1639146354"/>
        <Attr Name="UsedIn" Val="synthesis"/>
        <Attr Name="UsedIn" Val="implementation"/>
      </FileInfo>
    </File>
    <Config>
      <Option Name="ConstrsType" Val="XDC"/>
    </Config>
  </FileSet>
  <FileSet Name="utils" Type="Utils" RelSrcDir="$PSRCDIR/utils_1">
    <Filter Type="Utils"/>
    <Config>
      <Option Name="TopAutoSet" Val="TRUE"/>
    </Config>
  </FileSet>
  <Strategy Version="1" Minor="2">
    <StratHandle Name="Vivado Synthesis Defaults" Flow="Vivado Synthesis 2019"/>
    <Step Id="synth_design"/>
  </Strategy>
</GenRun>
