<?xml version="1.0" encoding="UTF-8"?>
<GenRun Id="impl_1" LaunchPart="xc7a100tcsg324-1" LaunchTime="1648726182">
  <File Type="ROUTE-PWR" Name="VGA_clkIP_Top_power_routed.rpt"/>
  <File Type="PA-TCL" Name="VGA_clkIP_Top.tcl"/>
  <File Type="BITSTR-BMM" Name="VGA_clkIP_Top_bd.bmm"/>
  <File Type="ROUTE-PWR-SUM" Name="VGA_clkIP_Top_power_summary_routed.pb"/>
  <File Type="REPORTS-TCL" Name="VGA_clkIP_Top_reports.tcl"/>
  <File Type="OPT-DCP" Name="VGA_clkIP_Top_opt.dcp"/>
  <File Type="OPT-DRC" Name="VGA_clkIP_Top_drc_opted.rpt"/>
  <File Type="OPT-HWDEF" Name="VGA_clkIP_Top.hwdef"/>
  <File Type="PWROPT-DCP" Name="VGA_clkIP_Top_pwropt.dcp"/>
  <File Type="PLACE-DCP" Name="VGA_clkIP_Top_placed.dcp"/>
  <File Type="PLACE-IO" Name="VGA_clkIP_Top_io_placed.rpt"/>
  <File Type="PLACE-UTIL" Name="VGA_clkIP_Top_utilization_placed.rpt"/>
  <File Type="PLACE-UTIL-PB" Name="VGA_clkIP_Top_utilization_placed.pb"/>
  <File Type="PLACE-CTRL" Name="VGA_clkIP_Top_control_sets_placed.rpt"/>
  <File Type="PLACE-PRE-SIMILARITY" Name="VGA_clkIP_Top_incremental_reuse_pre_placed.rpt"/>
  <File Type="POSTPLACE-PWROPT-DCP" Name="VGA_clkIP_Top_postplace_pwropt.dcp"/>
  <File Type="BG-BIN" Name="VGA_clkIP_Top.bin"/>
  <File Type="PHYSOPT-DCP" Name="VGA_clkIP_Top_physopt.dcp"/>
  <File Type="BITSTR-MSK" Name="VGA_clkIP_Top.msk"/>
  <File Type="ROUTE-ERROR-DCP" Name="VGA_clkIP_Top_routed_error.dcp"/>
  <File Type="ROUTE-DCP" Name="VGA_clkIP_Top_routed.dcp"/>
  <File Type="ROUTE-BLACKBOX-DCP" Name="VGA_clkIP_Top_routed_bb.dcp"/>
  <File Type="ROUTE-DRC" Name="VGA_clkIP_Top_drc_routed.rpt"/>
  <File Type="ROUTE-DRC-PB" Name="VGA_clkIP_Top_drc_routed.pb"/>
  <File Type="ROUTE-DRC-RPX" Name="VGA_clkIP_Top_drc_routed.rpx"/>
  <File Type="ROUTE-METHODOLOGY-DRC" Name="VGA_clkIP_Top_methodology_drc_routed.rpt"/>
  <File Type="BITSTR-MMI" Name="VGA_clkIP_Top.mmi"/>
  <File Type="ROUTE-METHODOLOGY-DRC-RPX" Name="VGA_clkIP_Top_methodology_drc_routed.rpx"/>
  <File Type="ROUTE-METHODOLOGY-DRC-PB" Name="VGA_clkIP_Top_methodology_drc_routed.pb"/>
  <File Type="ROUTE-PWR-RPX" Name="VGA_clkIP_Top_power_routed.rpx"/>
  <File Type="ROUTE-STATUS" Name="VGA_clkIP_Top_route_status.rpt"/>
  <File Type="ROUTE-STATUS-PB" Name="VGA_clkIP_Top_route_status.pb"/>
  <File Type="ROUTE-TIMINGSUMMARY" Name="VGA_clkIP_Top_timing_summary_routed.rpt"/>
  <File Type="ROUTE-TIMING-PB" Name="VGA_clkIP_Top_timing_summary_routed.pb"/>
  <File Type="ROUTE-TIMING-RPX" Name="VGA_clkIP_Top_timing_summary_routed.rpx"/>
  <File Type="ROUTE-CLK" Name="VGA_clkIP_Top_clock_utilization_routed.rpt"/>
  <File Type="ROUTE-BUS-SKEW" Name="VGA_clkIP_Top_bus_skew_routed.rpt"/>
  <File Type="ROUTE-BUS-SKEW-PB" Name="VGA_clkIP_Top_bus_skew_routed.pb"/>
  <File Type="ROUTE-BUS-SKEW-RPX" Name="VGA_clkIP_Top_bus_skew_routed.rpx"/>
  <File Type="POSTROUTE-PHYSOPT-DCP" Name="VGA_clkIP_Top_postroute_physopt.dcp"/>
  <File Type="POSTROUTE-PHYSOPT-BLACKBOX-DCP" Name="VGA_clkIP_Top_postroute_physopt_bb.dcp"/>
  <File Type="BG-BIT" Name="VGA_clkIP_Top.bit"/>
  <File Type="BITSTR-RBT" Name="VGA_clkIP_Top.rbt"/>
  <File Type="BITSTR-NKY" Name="VGA_clkIP_Top.nky"/>
  <File Type="PDI-FILE" Name="VGA_clkIP_Top.pdi"/>
  <File Type="RCFI_FILE" Name="VGA_clkIP_Top.rcfi"/>
  <File Type="CFI_FILE" Name="VGA_clkIP_Top.cfi"/>
  <File Type="RNPI_FILE" Name="VGA_clkIP_Top.rnpi"/>
  <File Type="NPI_FILE" Name="VGA_clkIP_Top.npi"/>
  <File Type="RBD_FILE" Name="VGA_clkIP_Top.rbd"/>
  <File Type="BITSTR-LTX" Name="VGA_clkIP_Top.ltx"/>
  <File Type="BITSTR-SYSDEF" Name="VGA_clkIP_Top.sysdef"/>
  <File Type="BG-BGN" Name="VGA_clkIP_Top.bgn"/>
  <File Type="BG-DRC" Name="VGA_clkIP_Top.drc"/>
  <File Type="RDI-RDI" Name="VGA_clkIP_Top.vdi"/>
  <File Type="WBT-USG" Name="usage_statistics_webtalk.html"/>
  <FileSet Name="sources" Type="DesignSrcs" RelSrcDir="$PSRCDIR/sources_1">
    <Filter Type="Srcs"/>
    <File Path="$PSRCDIR/sources_1/new/VGA640x480.sv">
      <FileInfo>
        <Attr Name="UsedIn" Val="synthesis"/>
        <Attr Name="UsedIn" Val="implementation"/>
        <Attr Name="UsedIn" Val="simulation"/>
      </FileInfo>
    </File>
    <File Path="$PSRCDIR/sources_1/new/VGA_clkIP_Top.sv">
      <FileInfo>
        <Attr Name="UsedIn" Val="synthesis"/>
        <Attr Name="UsedIn" Val="implementation"/>
        <Attr Name="UsedIn" Val="simulation"/>
      </FileInfo>
    </File>
    <File Path="$PSRCDIR/sources_1/new/VGA_Stripes.sv">
      <FileInfo>
        <Attr Name="AutoDisabled" Val="1"/>
        <Attr Name="UsedIn" Val="synthesis"/>
        <Attr Name="UsedIn" Val="implementation"/>
        <Attr Name="UsedIn" Val="simulation"/>
      </FileInfo>
    </File>
    <File Path="$PSRCDIR/sources_1/new/clkDiv.sv">
      <FileInfo>
        <Attr Name="AutoDisabled" Val="1"/>
        <Attr Name="UsedIn" Val="synthesis"/>
        <Attr Name="UsedIn" Val="implementation"/>
        <Attr Name="UsedIn" Val="simulation"/>
      </FileInfo>
    </File>
    <File Path="$PSRCDIR/sources_1/new/VGA_Stripes_Top.sv">
      <FileInfo>
        <Attr Name="AutoDisabled" Val="1"/>
        <Attr Name="UsedIn" Val="synthesis"/>
        <Attr Name="UsedIn" Val="implementation"/>
        <Attr Name="UsedIn" Val="simulation"/>
      </FileInfo>
    </File>
    <File Path="$PSRCDIR/sources_1/imports/new/PROM.sv">
      <FileInfo>
        <Attr Name="AutoDisabled" Val="1"/>
        <Attr Name="ImportPath" Val="$PPRDIR/../VGA_initials/VGA_initials.srcs/sources_1/new/PROM.sv"/>
        <Attr Name="ImportTime" Val="1642570908"/>
        <Attr Name="UsedIn" Val="synthesis"/>
        <Attr Name="UsedIn" Val="implementation"/>
        <Attr Name="UsedIn" Val="simulation"/>
      </FileInfo>
    </File>
    <File Path="$PSRCDIR/sources_1/imports/new/VGA_words.sv">
      <FileInfo>
        <Attr Name="AutoDisabled" Val="1"/>
        <Attr Name="ImportPath" Val="$PSRCDIR/sources_1/imports/new/VGA_words.sv"/>
        <Attr Name="ImportTime" Val="1642912522"/>
        <Attr Name="UsedIn" Val="synthesis"/>
        <Attr Name="UsedIn" Val="implementation"/>
        <Attr Name="UsedIn" Val="simulation"/>
      </FileInfo>
    </File>
    <File Path="$PSRCDIR/sources_1/imports/new/VGA_words_Top.sv">
      <FileInfo>
        <Attr Name="AutoDisabled" Val="1"/>
        <Attr Name="ImportPath" Val="$PSRCDIR/sources_1/imports/new/VGA_words_Top.sv"/>
        <Attr Name="ImportTime" Val="1642912544"/>
        <Attr Name="UsedIn" Val="synthesis"/>
        <Attr Name="UsedIn" Val="implementation"/>
        <Attr Name="UsedIn" Val="simulation"/>
      </FileInfo>
    </File>
    <File Path="$PSRCDIR/sources_1/new/Digits10_case.sv">
      <FileInfo>
        <Attr Name="AutoDisabled" Val="1"/>
        <Attr Name="UsedIn" Val="synthesis"/>
        <Attr Name="UsedIn" Val="implementation"/>
        <Attr Name="UsedIn" Val="simulation"/>
      </FileInfo>
    </File>
    <File Path="$PSRCDIR/sources_1/new/VGA_numbers_case_Top.sv">
      <FileInfo>
        <Attr Name="AutoDisabled" Val="1"/>
        <Attr Name="UsedIn" Val="synthesis"/>
        <Attr Name="UsedIn" Val="implementation"/>
        <Attr Name="UsedIn" Val="simulation"/>
      </FileInfo>
    </File>
    <File Path="$PSRCDIR/sources_1/new/VGA_Top.sv">
      <FileInfo>
        <Attr Name="AutoDisabled" Val="1"/>
        <Attr Name="UsedIn" Val="synthesis"/>
        <Attr Name="UsedIn" Val="implementation"/>
        <Attr Name="UsedIn" Val="simulation"/>
      </FileInfo>
    </File>
    <File Path="$PSRCDIR/sources_1/new/VGA_colors_Top.sv">
      <FileInfo>
        <Attr Name="AutoDisabled" Val="1"/>
        <Attr Name="UsedIn" Val="synthesis"/>
        <Attr Name="UsedIn" Val="implementation"/>
        <Attr Name="UsedIn" Val="simulation"/>
      </FileInfo>
    </File>
    <File Path="$PSRCDIR/sources_1/new/digits10_ROM.sv">
      <FileInfo>
        <Attr Name="AutoDisabled" Val="1"/>
        <Attr Name="UsedIn" Val="synthesis"/>
        <Attr Name="UsedIn" Val="implementation"/>
        <Attr Name="UsedIn" Val="simulation"/>
      </FileInfo>
    </File>
    <Config>
      <Option Name="DesignMode" Val="RTL"/>
      <Option Name="TopModule" Val="VGA_clkIP_Top"/>
    </Config>
  </FileSet>
  <FileSet Name="constrs_in" Type="Constrs" RelSrcDir="$PSRCDIR/constrs_1">
    <Filter Type="Constrs"/>
    <File Path="$PSRCDIR/constrs_1/imports/VGA/Nexys4DDR_Master.xdc">
      <FileInfo>
        <Attr Name="ImportPath" Val="$PPRDIR/Nexys4DDR_Master.xdc"/>
        <Attr Name="ImportTime" Val="1493685361"/>
        <Attr Name="UsedIn" Val="synthesis"/>
        <Attr Name="UsedIn" Val="implementation"/>
      </FileInfo>
    </File>
    <Config>
      <Option Name="ConstrsType" Val="XDC"/>
    </Config>
  </FileSet>
  <FileSet Name="utils" Type="Utils" RelSrcDir="$PSRCDIR/utils_1">
    <Filter Type="Utils"/>
    <Config>
      <Option Name="TopAutoSet" Val="TRUE"/>
    </Config>
  </FileSet>
  <Strategy Version="1" Minor="2">
    <StratHandle Name="Vivado Implementation Defaults" Flow="Vivado Implementation 2019"/>
    <Step Id="init_design"/>
    <Step Id="opt_design"/>
    <Step Id="power_opt_design"/>
    <Step Id="place_design"/>
    <Step Id="post_place_power_opt_design"/>
    <Step Id="phys_opt_design" EnableStepBool="1"/>
    <Step Id="route_design"/>
    <Step Id="post_route_phys_opt_design"/>
    <Step Id="write_bitstream"/>
    <Step Id="write_device_image"/>
  </Strategy>
  <BlockFileSet Type="BlockSrcs" Name="Clk25MHz"/>
</GenRun>
