<?xml version="1.0" encoding="UTF-8"?>
<GenRun Id="synth_1" LaunchPart="xc7a100tcsg324-1" LaunchTime="1660194888">
  <File Type="PA-TCL" Name="colorLED.tcl"/>
  <File Type="RDS-PROPCONSTRS" Name="colorLED_drc_synth.rpt"/>
  <File Type="REPORTS-TCL" Name="colorLED_reports.tcl"/>
  <File Type="RDS-RDS" Name="colorLED.vds"/>
  <File Type="RDS-UTIL" Name="colorLED_utilization_synth.rpt"/>
  <File Type="RDS-UTIL-PB" Name="colorLED_utilization_synth.pb"/>
  <File Type="RDS-DCP" Name="colorLED.dcp"/>
  <File Type="VDS-TIMINGSUMMARY" Name="colorLED_timing_summary_synth.rpt"/>
  <File Type="VDS-TIMING-PB" Name="colorLED_timing_summary_synth.pb"/>
  <FileSet Name="sources" Type="DesignSrcs" RelSrcDir="$PSRCDIR/sources_1">
    <Filter Type="Srcs"/>
    <File Path="$PSRCDIR/sources_1/new/ColorLED.sv">
      <FileInfo>
        <Attr Name="UsedIn" Val="synthesis"/>
        <Attr Name="UsedIn" Val="implementation"/>
        <Attr Name="UsedIn" Val="simulation"/>
      </FileInfo>
    </File>
    <Config>
      <Option Name="DesignMode" Val="RTL"/>
      <Option Name="TopModule" Val="colorLED"/>
      <Option Name="TopAutoSet" Val="TRUE"/>
    </Config>
  </FileSet>
  <FileSet Name="constrs_in" Type="Constrs" RelSrcDir="$PSRCDIR/constrs_1">
    <Filter Type="Constrs"/>
    <File Path="$PSRCDIR/constrs_1/imports/01 XUP Nexys4 DDR Board/Nexys4DDR_Master.xdc">
      <FileInfo>
        <Attr Name="ImportPath" Val="$PPRDIR/../../../../_SamData/Vivado2022/Codes/ColorLED/ColorLED.srcs/constrs_1/imports/01 XUP Nexys4 DDR Board/Nexys4DDR_Master.xdc"/>
        <Attr Name="ImportTime" Val="1487597444"/>
        <Attr Name="UsedIn" Val="synthesis"/>
        <Attr Name="UsedIn" Val="implementation"/>
      </FileInfo>
    </File>
    <Config>
      <Option Name="ConstrsType" Val="XDC"/>
    </Config>
  </FileSet>
  <FileSet Name="utils" Type="Utils" RelSrcDir="$PSRCDIR/utils_1">
    <Filter Type="Utils"/>
    <Config>
      <Option Name="TopAutoSet" Val="TRUE"/>
    </Config>
  </FileSet>
  <Strategy Version="1" Minor="2">
    <StratHandle Name="Vivado Synthesis Defaults" Flow="Vivado Synthesis 2019">
      <Desc>Vivado Synthesis Defaults</Desc>
    </StratHandle>
    <Step Id="synth_design"/>
  </Strategy>
</GenRun>
