<?xml version="1.0" encoding="UTF-8"?>
<GenRun Id="impl_1" LaunchPart="xc7a100tcsg324-1" LaunchTime="1663562266">
  <File Type="BITSTR-BMM" Name="mux7seg_bd.bmm"/>
  <File Type="OPT-METHODOLOGY-DRC" Name="mux7seg_methodology_drc_opted.rpt"/>
  <File Type="INIT-TIMING" Name="mux7seg_timing_summary_init.rpt"/>
  <File Type="ROUTE-PWR" Name="mux7seg_power_routed.rpt"/>
  <File Type="PA-TCL" Name="mux7seg.tcl"/>
  <File Type="OPT-TIMING" Name="mux7seg_timing_summary_opted.rpt"/>
  <File Type="OPT-DCP" Name="mux7seg_opt.dcp"/>
  <File Type="ROUTE-PWR-SUM" Name="mux7seg_power_summary_routed.pb"/>
  <File Type="REPORTS-TCL" Name="mux7seg_reports.tcl"/>
  <File Type="OPT-DRC" Name="mux7seg_drc_opted.rpt"/>
  <File Type="OPT-HWDEF" Name="mux7seg.hwdef"/>
  <File Type="PWROPT-DCP" Name="mux7seg_pwropt.dcp"/>
  <File Type="PWROPT-DRC" Name="mux7seg_drc_pwropted.rpt"/>
  <File Type="PWROPT-TIMING" Name="mux7seg_timing_summary_pwropted.rpt"/>
  <File Type="PLACE-DCP" Name="mux7seg_placed.dcp"/>
  <File Type="PLACE-IO" Name="mux7seg_io_placed.rpt"/>
  <File Type="PLACE-CLK" Name="mux7seg_clock_utilization_placed.rpt"/>
  <File Type="PLACE-UTIL" Name="mux7seg_utilization_placed.rpt"/>
  <File Type="PLACE-UTIL-PB" Name="mux7seg_utilization_placed.pb"/>
  <File Type="PLACE-CTRL" Name="mux7seg_control_sets_placed.rpt"/>
  <File Type="PLACE-SIMILARITY" Name="mux7seg_incremental_reuse_placed.rpt"/>
  <File Type="PLACE-PRE-SIMILARITY" Name="mux7seg_incremental_reuse_pre_placed.rpt"/>
  <File Type="PLACE-TIMING" Name="mux7seg_timing_summary_placed.rpt"/>
  <File Type="POSTPLACE-PWROPT-DCP" Name="mux7seg_postplace_pwropt.dcp"/>
  <File Type="BG-BIN" Name="mux7seg.bin"/>
  <File Type="POSTPLACE-PWROPT-TIMING" Name="mux7seg_timing_summary_postplace_pwropted.rpt"/>
  <File Type="PHYSOPT-DCP" Name="mux7seg_physopt.dcp"/>
  <File Type="PHYSOPT-DRC" Name="mux7seg_drc_physopted.rpt"/>
  <File Type="BITSTR-MSK" Name="mux7seg.msk"/>
  <File Type="PHYSOPT-TIMING" Name="mux7seg_timing_summary_physopted.rpt"/>
  <File Type="ROUTE-ERROR-DCP" Name="mux7seg_routed_error.dcp"/>
  <File Type="ROUTE-DCP" Name="mux7seg_routed.dcp"/>
  <File Type="ROUTE-BLACKBOX-DCP" Name="mux7seg_routed_bb.dcp"/>
  <File Type="ROUTE-DRC" Name="mux7seg_drc_routed.rpt"/>
  <File Type="ROUTE-DRC-PB" Name="mux7seg_drc_routed.pb"/>
  <File Type="ROUTE-DRC-RPX" Name="mux7seg_drc_routed.rpx"/>
  <File Type="BITSTR-MMI" Name="mux7seg.mmi"/>
  <File Type="ROUTE-METHODOLOGY-DRC" Name="mux7seg_methodology_drc_routed.rpt"/>
  <File Type="ROUTE-METHODOLOGY-DRC-RPX" Name="mux7seg_methodology_drc_routed.rpx"/>
  <File Type="ROUTE-METHODOLOGY-DRC-PB" Name="mux7seg_methodology_drc_routed.pb"/>
  <File Type="ROUTE-PWR-RPX" Name="mux7seg_power_routed.rpx"/>
  <File Type="ROUTE-STATUS" Name="mux7seg_route_status.rpt"/>
  <File Type="ROUTE-STATUS-PB" Name="mux7seg_route_status.pb"/>
  <File Type="ROUTE-TIMINGSUMMARY" Name="mux7seg_timing_summary_routed.rpt"/>
  <File Type="ROUTE-TIMING-PB" Name="mux7seg_timing_summary_routed.pb"/>
  <File Type="ROUTE-TIMING-RPX" Name="mux7seg_timing_summary_routed.rpx"/>
  <File Type="ROUTE-SIMILARITY" Name="mux7seg_incremental_reuse_routed.rpt"/>
  <File Type="ROUTE-CLK" Name="mux7seg_clock_utilization_routed.rpt"/>
  <File Type="ROUTE-BUS-SKEW" Name="mux7seg_bus_skew_routed.rpt"/>
  <File Type="ROUTE-BUS-SKEW-PB" Name="mux7seg_bus_skew_routed.pb"/>
  <File Type="ROUTE-BUS-SKEW-RPX" Name="mux7seg_bus_skew_routed.rpx"/>
  <File Type="POSTROUTE-PHYSOPT-DCP" Name="mux7seg_postroute_physopt.dcp"/>
  <File Type="POSTROUTE-PHYSOPT-BLACKBOX-DCP" Name="mux7seg_postroute_physopt_bb.dcp"/>
  <File Type="POSTROUTE-PHYSOPT-TIMING" Name="mux7seg_timing_summary_postroute_physopted.rpt"/>
  <File Type="POSTROUTE-PHYSOPT-TIMING-PB" Name="mux7seg_timing_summary_postroute_physopted.pb"/>
  <File Type="POSTROUTE-PHYSOPT-TIMING-RPX" Name="mux7seg_timing_summary_postroute_physopted.rpx"/>
  <File Type="POSTROUTE-PHYSOPT-BUS-SKEW" Name="mux7seg_bus_skew_postroute_physopted.rpt"/>
  <File Type="POSTROUTE-PHYSOPT-BUS-SKEW-PB" Name="mux7seg_bus_skew_postroute_physopted.pb"/>
  <File Type="BG-BIT" Name="mux7seg.bit"/>
  <File Type="POSTROUTE-PHYSOPT-BUS-SKEW-RPX" Name="mux7seg_bus_skew_postroute_physopted.rpx"/>
  <File Type="BITSTR-RBT" Name="mux7seg.rbt"/>
  <File Type="BITSTR-NKY" Name="mux7seg.nky"/>
  <File Type="PDI-FILE" Name="mux7seg.pdi"/>
  <File Type="RCFI_FILE" Name="mux7seg.rcfi"/>
  <File Type="CFI_FILE" Name="mux7seg.cfi"/>
  <File Type="RNPI_FILE" Name="mux7seg.rnpi"/>
  <File Type="NPI_FILE" Name="mux7seg.npi"/>
  <File Type="RBD_FILE" Name="mux7seg.rbd"/>
  <File Type="BITSTR-LTX" Name="debug_nets.ltx"/>
  <File Type="BITSTR-LTX" Name="mux7seg.ltx"/>
  <File Type="BITSTR-SYSDEF" Name="mux7seg.sysdef"/>
  <File Type="BG-BGN" Name="mux7seg.bgn"/>
  <File Type="BG-DRC" Name="mux7seg.drc"/>
  <File Type="RDI-RDI" Name="mux7seg.vdi"/>
  <File Type="WBT-USG" Name="usage_statistics_webtalk.html"/>
  <FileSet Name="sources" Type="DesignSrcs" RelSrcDir="$PSRCDIR/sources_1">
    <Filter Type="Srcs"/>
    <File Path="$PSRCDIR/sources_1/new/Hex7Seg.sv">
      <FileInfo>
        <Attr Name="UsedIn" Val="synthesis"/>
        <Attr Name="UsedIn" Val="implementation"/>
        <Attr Name="UsedIn" Val="simulation"/>
      </FileInfo>
    </File>
    <File Path="$PSRCDIR/sources_1/new/mux7seg.sv">
      <FileInfo>
        <Attr Name="UsedIn" Val="synthesis"/>
        <Attr Name="UsedIn" Val="implementation"/>
        <Attr Name="UsedIn" Val="simulation"/>
      </FileInfo>
    </File>
    <Config>
      <Option Name="DesignMode" Val="RTL"/>
      <Option Name="TopModule" Val="mux7seg"/>
      <Option Name="TopAutoSet" Val="TRUE"/>
    </Config>
  </FileSet>
  <FileSet Name="constrs_in" Type="Constrs" RelSrcDir="$PSRCDIR/constrs_1">
    <Filter Type="Constrs"/>
    <File Path="$PSRCDIR/constrs_1/imports/01 XUP Nexys4 DDR Board/Nexys4DDR_Master.xdc">
      <FileInfo>
        <Attr Name="ImportPath" Val="$PPRDIR/../../../02 数字逻辑与部件设计/_课件2021/示例代码/mux7seg/mux7seg.srcs/constrs_1/imports/01 XUP Nexys4 DDR Board/Nexys4DDR_Master.xdc"/>
        <Attr Name="ImportTime" Val="1508753434"/>
        <Attr Name="UsedIn" Val="synthesis"/>
        <Attr Name="UsedIn" Val="implementation"/>
      </FileInfo>
    </File>
    <Config>
      <Option Name="ConstrsType" Val="XDC"/>
    </Config>
  </FileSet>
  <FileSet Name="utils" Type="Utils" RelSrcDir="$PSRCDIR/utils_1">
    <Filter Type="Utils"/>
    <Config>
      <Option Name="TopAutoSet" Val="TRUE"/>
    </Config>
  </FileSet>
  <Strategy Version="1" Minor="2">
    <StratHandle Name="Vivado Implementation Defaults" Flow="Vivado Implementation 2019"/>
    <Step Id="init_design"/>
    <Step Id="opt_design"/>
    <Step Id="power_opt_design"/>
    <Step Id="place_design"/>
    <Step Id="post_place_power_opt_design"/>
    <Step Id="phys_opt_design" EnableStepBool="1"/>
    <Step Id="route_design"/>
    <Step Id="post_route_phys_opt_design"/>
    <Step Id="write_bitstream"/>
  </Strategy>
</GenRun>
