<?xml version="1.0" encoding="UTF-8"?>
<GenRun Id="impl_1" LaunchPart="xc7a100tcsg324-1" LaunchTime="1660194888">
  <File Type="BITSTR-BMM" Name="colorLED_bd.bmm"/>
  <File Type="OPT-METHODOLOGY-DRC" Name="colorLED_methodology_drc_opted.rpt"/>
  <File Type="INIT-TIMING" Name="colorLED_timing_summary_init.rpt"/>
  <File Type="ROUTE-PWR" Name="colorLED_power_routed.rpt"/>
  <File Type="PA-TCL" Name="colorLED.tcl"/>
  <File Type="OPT-TIMING" Name="colorLED_timing_summary_opted.rpt"/>
  <File Type="OPT-DCP" Name="colorLED_opt.dcp"/>
  <File Type="ROUTE-PWR-SUM" Name="colorLED_power_summary_routed.pb"/>
  <File Type="REPORTS-TCL" Name="colorLED_reports.tcl"/>
  <File Type="OPT-DRC" Name="colorLED_drc_opted.rpt"/>
  <File Type="OPT-HWDEF" Name="colorLED.hwdef"/>
  <File Type="PWROPT-DCP" Name="colorLED_pwropt.dcp"/>
  <File Type="PWROPT-DRC" Name="colorLED_drc_pwropted.rpt"/>
  <File Type="PWROPT-TIMING" Name="colorLED_timing_summary_pwropted.rpt"/>
  <File Type="PLACE-DCP" Name="colorLED_placed.dcp"/>
  <File Type="PLACE-IO" Name="colorLED_io_placed.rpt"/>
  <File Type="PLACE-CLK" Name="colorLED_clock_utilization_placed.rpt"/>
  <File Type="PLACE-UTIL" Name="colorLED_utilization_placed.rpt"/>
  <File Type="PLACE-UTIL-PB" Name="colorLED_utilization_placed.pb"/>
  <File Type="PLACE-CTRL" Name="colorLED_control_sets_placed.rpt"/>
  <File Type="PLACE-SIMILARITY" Name="colorLED_incremental_reuse_placed.rpt"/>
  <File Type="PLACE-PRE-SIMILARITY" Name="colorLED_incremental_reuse_pre_placed.rpt"/>
  <File Type="PLACE-TIMING" Name="colorLED_timing_summary_placed.rpt"/>
  <File Type="POSTPLACE-PWROPT-DCP" Name="colorLED_postplace_pwropt.dcp"/>
  <File Type="BG-BIN" Name="colorLED.bin"/>
  <File Type="POSTPLACE-PWROPT-TIMING" Name="colorLED_timing_summary_postplace_pwropted.rpt"/>
  <File Type="PHYSOPT-DCP" Name="colorLED_physopt.dcp"/>
  <File Type="PHYSOPT-DRC" Name="colorLED_drc_physopted.rpt"/>
  <File Type="BITSTR-MSK" Name="colorLED.msk"/>
  <File Type="PHYSOPT-TIMING" Name="colorLED_timing_summary_physopted.rpt"/>
  <File Type="ROUTE-ERROR-DCP" Name="colorLED_routed_error.dcp"/>
  <File Type="ROUTE-DCP" Name="colorLED_routed.dcp"/>
  <File Type="ROUTE-BLACKBOX-DCP" Name="colorLED_routed_bb.dcp"/>
  <File Type="ROUTE-DRC" Name="colorLED_drc_routed.rpt"/>
  <File Type="ROUTE-DRC-PB" Name="colorLED_drc_routed.pb"/>
  <File Type="ROUTE-DRC-RPX" Name="colorLED_drc_routed.rpx"/>
  <File Type="BITSTR-MMI" Name="colorLED.mmi"/>
  <File Type="ROUTE-METHODOLOGY-DRC" Name="colorLED_methodology_drc_routed.rpt"/>
  <File Type="ROUTE-METHODOLOGY-DRC-RPX" Name="colorLED_methodology_drc_routed.rpx"/>
  <File Type="ROUTE-METHODOLOGY-DRC-PB" Name="colorLED_methodology_drc_routed.pb"/>
  <File Type="ROUTE-PWR-RPX" Name="colorLED_power_routed.rpx"/>
  <File Type="ROUTE-STATUS" Name="colorLED_route_status.rpt"/>
  <File Type="ROUTE-STATUS-PB" Name="colorLED_route_status.pb"/>
  <File Type="ROUTE-TIMINGSUMMARY" Name="colorLED_timing_summary_routed.rpt"/>
  <File Type="ROUTE-TIMING-PB" Name="colorLED_timing_summary_routed.pb"/>
  <File Type="ROUTE-TIMING-RPX" Name="colorLED_timing_summary_routed.rpx"/>
  <File Type="ROUTE-SIMILARITY" Name="colorLED_incremental_reuse_routed.rpt"/>
  <File Type="ROUTE-CLK" Name="colorLED_clock_utilization_routed.rpt"/>
  <File Type="ROUTE-BUS-SKEW" Name="colorLED_bus_skew_routed.rpt"/>
  <File Type="ROUTE-BUS-SKEW-PB" Name="colorLED_bus_skew_routed.pb"/>
  <File Type="ROUTE-BUS-SKEW-RPX" Name="colorLED_bus_skew_routed.rpx"/>
  <File Type="POSTROUTE-PHYSOPT-DCP" Name="colorLED_postroute_physopt.dcp"/>
  <File Type="POSTROUTE-PHYSOPT-BLACKBOX-DCP" Name="colorLED_postroute_physopt_bb.dcp"/>
  <File Type="POSTROUTE-PHYSOPT-TIMING" Name="colorLED_timing_summary_postroute_physopted.rpt"/>
  <File Type="POSTROUTE-PHYSOPT-TIMING-PB" Name="colorLED_timing_summary_postroute_physopted.pb"/>
  <File Type="POSTROUTE-PHYSOPT-TIMING-RPX" Name="colorLED_timing_summary_postroute_physopted.rpx"/>
  <File Type="POSTROUTE-PHYSOPT-BUS-SKEW" Name="colorLED_bus_skew_postroute_physopted.rpt"/>
  <File Type="POSTROUTE-PHYSOPT-BUS-SKEW-PB" Name="colorLED_bus_skew_postroute_physopted.pb"/>
  <File Type="BG-BIT" Name="colorLED.bit"/>
  <File Type="POSTROUTE-PHYSOPT-BUS-SKEW-RPX" Name="colorLED_bus_skew_postroute_physopted.rpx"/>
  <File Type="BITSTR-RBT" Name="colorLED.rbt"/>
  <File Type="BITSTR-NKY" Name="colorLED.nky"/>
  <File Type="PDI-FILE" Name="colorLED.pdi"/>
  <File Type="RCFI_FILE" Name="colorLED.rcfi"/>
  <File Type="CFI_FILE" Name="colorLED.cfi"/>
  <File Type="RNPI_FILE" Name="colorLED.rnpi"/>
  <File Type="NPI_FILE" Name="colorLED.npi"/>
  <File Type="RBD_FILE" Name="colorLED.rbd"/>
  <File Type="BITSTR-LTX" Name="debug_nets.ltx"/>
  <File Type="BITSTR-LTX" Name="colorLED.ltx"/>
  <File Type="BITSTR-SYSDEF" Name="colorLED.sysdef"/>
  <File Type="BG-BGN" Name="colorLED.bgn"/>
  <File Type="BG-DRC" Name="colorLED.drc"/>
  <File Type="RDI-RDI" Name="colorLED.vdi"/>
  <File Type="WBT-USG" Name="usage_statistics_webtalk.html"/>
  <FileSet Name="sources" Type="DesignSrcs" RelSrcDir="$PSRCDIR/sources_1">
    <Filter Type="Srcs"/>
    <File Path="$PSRCDIR/sources_1/new/ColorLED.sv">
      <FileInfo>
        <Attr Name="UsedIn" Val="synthesis"/>
        <Attr Name="UsedIn" Val="implementation"/>
        <Attr Name="UsedIn" Val="simulation"/>
      </FileInfo>
    </File>
    <Config>
      <Option Name="DesignMode" Val="RTL"/>
      <Option Name="TopModule" Val="colorLED"/>
      <Option Name="TopAutoSet" Val="TRUE"/>
    </Config>
  </FileSet>
  <FileSet Name="constrs_in" Type="Constrs" RelSrcDir="$PSRCDIR/constrs_1">
    <Filter Type="Constrs"/>
    <File Path="$PSRCDIR/constrs_1/imports/01 XUP Nexys4 DDR Board/Nexys4DDR_Master.xdc">
      <FileInfo>
        <Attr Name="ImportPath" Val="$PPRDIR/../../../../_SamData/Vivado2022/Codes/ColorLED/ColorLED.srcs/constrs_1/imports/01 XUP Nexys4 DDR Board/Nexys4DDR_Master.xdc"/>
        <Attr Name="ImportTime" Val="1487597444"/>
        <Attr Name="UsedIn" Val="synthesis"/>
        <Attr Name="UsedIn" Val="implementation"/>
      </FileInfo>
    </File>
    <Config>
      <Option Name="ConstrsType" Val="XDC"/>
    </Config>
  </FileSet>
  <FileSet Name="utils" Type="Utils" RelSrcDir="$PSRCDIR/utils_1">
    <Filter Type="Utils"/>
    <Config>
      <Option Name="TopAutoSet" Val="TRUE"/>
    </Config>
  </FileSet>
  <Strategy Version="1" Minor="2">
    <StratHandle Name="Vivado Implementation Defaults" Flow="Vivado Implementation 2019">
      <Desc>Default settings for Implementation.</Desc>
    </StratHandle>
    <Step Id="init_design"/>
    <Step Id="opt_design"/>
    <Step Id="power_opt_design"/>
    <Step Id="place_design"/>
    <Step Id="post_place_power_opt_design"/>
    <Step Id="phys_opt_design" EnableStepBool="1"/>
    <Step Id="route_design"/>
    <Step Id="post_route_phys_opt_design"/>
    <Step Id="write_bitstream"/>
  </Strategy>
</GenRun>
