<?xml version="1.0" encoding="UTF-8"?>
<GenRun Id="impl_1" LaunchPart="xc7a100tcsg324-1" LaunchTime="1660197326">
  <File Type="BITSTR-BMM" Name="SevenSegLED_bd.bmm"/>
  <File Type="OPT-METHODOLOGY-DRC" Name="SevenSegLED_methodology_drc_opted.rpt"/>
  <File Type="INIT-TIMING" Name="SevenSegLED_timing_summary_init.rpt"/>
  <File Type="ROUTE-PWR" Name="SevenSegLED_power_routed.rpt"/>
  <File Type="PA-TCL" Name="SevenSegLED.tcl"/>
  <File Type="OPT-TIMING" Name="SevenSegLED_timing_summary_opted.rpt"/>
  <File Type="OPT-DCP" Name="SevenSegLED_opt.dcp"/>
  <File Type="ROUTE-PWR-SUM" Name="SevenSegLED_power_summary_routed.pb"/>
  <File Type="REPORTS-TCL" Name="SevenSegLED_reports.tcl"/>
  <File Type="OPT-DRC" Name="SevenSegLED_drc_opted.rpt"/>
  <File Type="OPT-HWDEF" Name="SevenSegLED.hwdef"/>
  <File Type="PWROPT-DCP" Name="SevenSegLED_pwropt.dcp"/>
  <File Type="PWROPT-DRC" Name="SevenSegLED_drc_pwropted.rpt"/>
  <File Type="PWROPT-TIMING" Name="SevenSegLED_timing_summary_pwropted.rpt"/>
  <File Type="PLACE-DCP" Name="SevenSegLED_placed.dcp"/>
  <File Type="PLACE-IO" Name="SevenSegLED_io_placed.rpt"/>
  <File Type="PLACE-CLK" Name="SevenSegLED_clock_utilization_placed.rpt"/>
  <File Type="PLACE-UTIL" Name="SevenSegLED_utilization_placed.rpt"/>
  <File Type="PLACE-UTIL-PB" Name="SevenSegLED_utilization_placed.pb"/>
  <File Type="PLACE-CTRL" Name="SevenSegLED_control_sets_placed.rpt"/>
  <File Type="PLACE-SIMILARITY" Name="SevenSegLED_incremental_reuse_placed.rpt"/>
  <File Type="PLACE-PRE-SIMILARITY" Name="SevenSegLED_incremental_reuse_pre_placed.rpt"/>
  <File Type="PLACE-TIMING" Name="SevenSegLED_timing_summary_placed.rpt"/>
  <File Type="POSTPLACE-PWROPT-DCP" Name="SevenSegLED_postplace_pwropt.dcp"/>
  <File Type="BG-BIN" Name="SevenSegLED.bin"/>
  <File Type="POSTPLACE-PWROPT-TIMING" Name="SevenSegLED_timing_summary_postplace_pwropted.rpt"/>
  <File Type="PHYSOPT-DCP" Name="SevenSegLED_physopt.dcp"/>
  <File Type="PHYSOPT-DRC" Name="SevenSegLED_drc_physopted.rpt"/>
  <File Type="BITSTR-MSK" Name="SevenSegLED.msk"/>
  <File Type="PHYSOPT-TIMING" Name="SevenSegLED_timing_summary_physopted.rpt"/>
  <File Type="ROUTE-ERROR-DCP" Name="SevenSegLED_routed_error.dcp"/>
  <File Type="ROUTE-DCP" Name="SevenSegLED_routed.dcp"/>
  <File Type="ROUTE-BLACKBOX-DCP" Name="SevenSegLED_routed_bb.dcp"/>
  <File Type="ROUTE-DRC" Name="SevenSegLED_drc_routed.rpt"/>
  <File Type="ROUTE-DRC-PB" Name="SevenSegLED_drc_routed.pb"/>
  <File Type="ROUTE-DRC-RPX" Name="SevenSegLED_drc_routed.rpx"/>
  <File Type="BITSTR-MMI" Name="SevenSegLED.mmi"/>
  <File Type="ROUTE-METHODOLOGY-DRC" Name="SevenSegLED_methodology_drc_routed.rpt"/>
  <File Type="ROUTE-METHODOLOGY-DRC-RPX" Name="SevenSegLED_methodology_drc_routed.rpx"/>
  <File Type="ROUTE-METHODOLOGY-DRC-PB" Name="SevenSegLED_methodology_drc_routed.pb"/>
  <File Type="ROUTE-PWR-RPX" Name="SevenSegLED_power_routed.rpx"/>
  <File Type="ROUTE-STATUS" Name="SevenSegLED_route_status.rpt"/>
  <File Type="ROUTE-STATUS-PB" Name="SevenSegLED_route_status.pb"/>
  <File Type="ROUTE-TIMINGSUMMARY" Name="SevenSegLED_timing_summary_routed.rpt"/>
  <File Type="ROUTE-TIMING-PB" Name="SevenSegLED_timing_summary_routed.pb"/>
  <File Type="ROUTE-TIMING-RPX" Name="SevenSegLED_timing_summary_routed.rpx"/>
  <File Type="ROUTE-SIMILARITY" Name="SevenSegLED_incremental_reuse_routed.rpt"/>
  <File Type="ROUTE-CLK" Name="SevenSegLED_clock_utilization_routed.rpt"/>
  <File Type="ROUTE-BUS-SKEW" Name="SevenSegLED_bus_skew_routed.rpt"/>
  <File Type="ROUTE-BUS-SKEW-PB" Name="SevenSegLED_bus_skew_routed.pb"/>
  <File Type="ROUTE-BUS-SKEW-RPX" Name="SevenSegLED_bus_skew_routed.rpx"/>
  <File Type="POSTROUTE-PHYSOPT-DCP" Name="SevenSegLED_postroute_physopt.dcp"/>
  <File Type="POSTROUTE-PHYSOPT-BLACKBOX-DCP" Name="SevenSegLED_postroute_physopt_bb.dcp"/>
  <File Type="POSTROUTE-PHYSOPT-TIMING" Name="SevenSegLED_timing_summary_postroute_physopted.rpt"/>
  <File Type="POSTROUTE-PHYSOPT-TIMING-PB" Name="SevenSegLED_timing_summary_postroute_physopted.pb"/>
  <File Type="POSTROUTE-PHYSOPT-TIMING-RPX" Name="SevenSegLED_timing_summary_postroute_physopted.rpx"/>
  <File Type="POSTROUTE-PHYSOPT-BUS-SKEW" Name="SevenSegLED_bus_skew_postroute_physopted.rpt"/>
  <File Type="POSTROUTE-PHYSOPT-BUS-SKEW-PB" Name="SevenSegLED_bus_skew_postroute_physopted.pb"/>
  <File Type="BG-BIT" Name="SevenSegLED.bit"/>
  <File Type="POSTROUTE-PHYSOPT-BUS-SKEW-RPX" Name="SevenSegLED_bus_skew_postroute_physopted.rpx"/>
  <File Type="BITSTR-RBT" Name="SevenSegLED.rbt"/>
  <File Type="BITSTR-NKY" Name="SevenSegLED.nky"/>
  <File Type="PDI-FILE" Name="SevenSegLED.pdi"/>
  <File Type="RCFI_FILE" Name="SevenSegLED.rcfi"/>
  <File Type="CFI_FILE" Name="SevenSegLED.cfi"/>
  <File Type="RNPI_FILE" Name="SevenSegLED.rnpi"/>
  <File Type="NPI_FILE" Name="SevenSegLED.npi"/>
  <File Type="RBD_FILE" Name="SevenSegLED.rbd"/>
  <File Type="BITSTR-LTX" Name="debug_nets.ltx"/>
  <File Type="BITSTR-LTX" Name="SevenSegLED.ltx"/>
  <File Type="BITSTR-SYSDEF" Name="SevenSegLED.sysdef"/>
  <File Type="BG-BGN" Name="SevenSegLED.bgn"/>
  <File Type="BG-DRC" Name="SevenSegLED.drc"/>
  <File Type="RDI-RDI" Name="SevenSegLED.vdi"/>
  <File Type="WBT-USG" Name="usage_statistics_webtalk.html"/>
  <FileSet Name="sources" Type="DesignSrcs" RelSrcDir="$PSRCDIR/sources_1">
    <Filter Type="Srcs"/>
    <File Path="$PSRCDIR/sources_1/new/SevenSegLED.sv">
      <FileInfo>
        <Attr Name="UsedIn" Val="synthesis"/>
        <Attr Name="UsedIn" Val="implementation"/>
        <Attr Name="UsedIn" Val="simulation"/>
      </FileInfo>
    </File>
    <Config>
      <Option Name="DesignMode" Val="RTL"/>
      <Option Name="TopModule" Val="SevenSegLED"/>
      <Option Name="TopAutoSet" Val="TRUE"/>
    </Config>
  </FileSet>
  <FileSet Name="constrs_in" Type="Constrs" RelSrcDir="$PSRCDIR/constrs_1">
    <Filter Type="Constrs"/>
    <File Path="$PSRCDIR/constrs_1/imports/01 XUP Nexys4 DDR Board/Nexys4DDR_Master.xdc">
      <FileInfo>
        <Attr Name="ImportPath" Val="$PPRDIR/../../../../_SamData/02 数字逻辑与部件设计/_课件2021/示例代码/7SegmentLED/7SegmentLED.srcs/constrs_1/imports/01 XUP Nexys4 DDR Board/Nexys4DDR_Master.xdc"/>
        <Attr Name="ImportTime" Val="1486172906"/>
        <Attr Name="UsedIn" Val="synthesis"/>
        <Attr Name="UsedIn" Val="implementation"/>
      </FileInfo>
    </File>
    <Config>
      <Option Name="ConstrsType" Val="XDC"/>
    </Config>
  </FileSet>
  <FileSet Name="utils" Type="Utils" RelSrcDir="$PSRCDIR/utils_1">
    <Filter Type="Utils"/>
    <Config>
      <Option Name="TopAutoSet" Val="TRUE"/>
    </Config>
  </FileSet>
  <Strategy Version="1" Minor="2">
    <StratHandle Name="Vivado Implementation Defaults" Flow="Vivado Implementation 2019">
      <Desc>Default settings for Implementation.</Desc>
    </StratHandle>
    <Step Id="init_design"/>
    <Step Id="opt_design"/>
    <Step Id="power_opt_design"/>
    <Step Id="place_design"/>
    <Step Id="post_place_power_opt_design"/>
    <Step Id="phys_opt_design" EnableStepBool="1"/>
    <Step Id="route_design"/>
    <Step Id="post_route_phys_opt_design"/>
    <Step Id="write_bitstream"/>
  </Strategy>
</GenRun>
